{"b3": {"l1": {"bart": 1.0, "mike": 1.0, "ben": 1.0, "laurent": 0.8333333333333334, "malek": 0.5, "adam": 1.0, "rishav": 1.0, "peter": 0.8333333333333334}, "l4": {"bart": 0.6666666666666666, "mike": 0.5, "ben": 1.0, "laurent": 0.8333333333333334, "adam": 1.0, "rishav": 0.8333333333333334, "peter": 0.5}, "l7": {"bart": 1.0, "mike": 0.6666666666666666, "laurent": 1.0, "rishav": 0.0}}, "l1": {"b3": {"bart": 1.0, "mike": 1.0, "ben": 1.0, "laurent": 0.8333333333333334, "malek": 0.5, "adam": 1.0, "rishav": 1.0, "peter": 0.8333333333333334}, "b1": {"malek": 0.6666666666666666, "laurent": 0.8333333333333334, "adam": 0.6666666666666666, "peter": 0.8333333333333334, "rishav": 0.16666666666666666, "bart": 0.8333333333333334, "mike": 0.8333333333333334, "ben": 1.0}, "b2": {"laurent": 0.8333333333333334, "malek": 0.8333333333333334, "peter": 1.0, "rishav": 0.6666666666666666, "bart": 1.0, "ben": 1.0, "mike": 1.0}}, "b1": {"l1": {"malek": 0.6666666666666666, "laurent": 0.8333333333333334, "adam": 0.6666666666666666, "peter": 0.8333333333333334, "rishav": 0.16666666666666666, "bart": 0.8333333333333334, "mike": 0.8333333333333334, "ben": 1.0}, "l4": {"laurent": 0.0, "adam": 0.8333333333333334, "rishav": 0.0, "peter": 0.6666666666666666, "bart": 0.6666666666666666, "mike": 0.0}, "l7": {"laurent": 0.5, "adam": 0.5, "rishav": 0.5, "bart": 0.6666666666666666, "mike": 0.6666666666666666}}, "b2": {"l1": {"laurent": 0.8333333333333334, "malek": 0.8333333333333334, "peter": 1.0, "rishav": 0.6666666666666666, "bart": 1.0, "ben": 1.0, "mike": 1.0}, "l4": {"mike": 0.6666666666666666, "laurent": 0.6666666666666666, "malek": 0.3333333333333333, "rishav": 1.0, "peter": 1.0, "adam": 0.8333333333333334, "bart": 0.6666666666666666, "ben": 1.0}, "l7": {"rishav": 0.6666666666666666, "laurent": 0.8333333333333334, "peter": 0.3333333333333333, "bart": 0.3333333333333333, "mike": 0.5}}, "l4": {"b3": {"bart": 0.6666666666666666, "mike": 0.5, "ben": 1.0, "laurent": 0.8333333333333334, "adam": 1.0, "rishav": 0.8333333333333334, "peter": 0.5}, "b1": {"laurent": 0.0, "adam": 0.8333333333333334, "rishav": 0.0, "peter": 0.6666666666666666, "bart": 0.6666666666666666, "mike": 0.0}, "b2": {"mike": 0.6666666666666666, "laurent": 0.6666666666666666, "malek": 0.3333333333333333, "rishav": 1.0, "peter": 1.0, "adam": 0.8333333333333334, "bart": 0.6666666666666666, "ben": 1.0}}, "l7": {"b3": {"bart": 1.0, "mike": 0.6666666666666666, "laurent": 1.0, "rishav": 0.0}, "b1": {"laurent": 0.5, "adam": 0.5, "rishav": 0.5, "bart": 0.6666666666666666, "mike": 0.6666666666666666}, "b2": {"rishav": 0.6666666666666666, "laurent": 0.8333333333333334, "peter": 0.3333333333333333, "bart": 0.3333333333333333, "mike": 0.5}}}