{
    "b3": {
        "l1": {
            "B": 1.0,
            "F": 1.0,
            "D": 1.0,
            "C": 0.8333333333333334,
            "E": 0.5,
            "A": 1.0,
            "H": 1.0,
            "G": 0.8333333333333334
        },
        "l4": {
            "B": 0.6666666666666666,
            "F": 0.5,
            "D": 1.0,
            "C": 0.8333333333333334,
            "A": 1.0,
            "H": 0.8333333333333334,
            "G": 0.5
        },
        "l7": {
            "B": 1.0,
            "F": 0.6666666666666666,
            "C": 1.0,
            "H": 0.0
        }
    },
    "l1": {
        "b3": {
            "B": 1.0,
            "F": 1.0,
            "D": 1.0,
            "C": 0.8333333333333334,
            "E": 0.5,
            "A": 1.0,
            "H": 1.0,
            "G": 0.8333333333333334
        },
        "b1": {
            "E": 0.6666666666666666,
            "C": 0.8333333333333334,
            "A": 0.6666666666666666,
            "G": 0.8333333333333334,
            "H": 0.16666666666666666,
            "B": 0.8333333333333334,
            "F": 0.8333333333333334,
            "D": 1.0
        },
        "b2": {
            "C": 0.8333333333333334,
            "E": 0.8333333333333334,
            "G": 1.0,
            "H": 0.6666666666666666,
            "B": 1.0,
            "D": 1.0,
            "F": 1.0
        }
    },
    "b1": {
        "l1": {
            "E": 0.6666666666666666,
            "C": 0.8333333333333334,
            "A": 0.6666666666666666,
            "G": 0.8333333333333334,
            "H": 0.16666666666666666,
            "B": 0.8333333333333334,
            "F": 0.8333333333333334,
            "D": 1.0
        },
        "l4": {
            "C": 0.0,
            "A": 0.8333333333333334,
            "H": 0.0,
            "G": 0.6666666666666666,
            "B": 0.6666666666666666,
            "F": 0.0
        },
        "l7": {
            "C": 0.5,
            "A": 0.5,
            "H": 0.5,
            "B": 0.6666666666666666,
            "F": 0.6666666666666666
        }
    },
    "b2": {
        "l1": {
            "C": 0.8333333333333334,
            "E": 0.8333333333333334,
            "G": 1.0,
            "H": 0.6666666666666666,
            "B": 1.0,
            "D": 1.0,
            "F": 1.0
        },
        "l4": {
            "F": 0.6666666666666666,
            "C": 0.6666666666666666,
            "E": 0.3333333333333333,
            "H": 1.0,
            "G": 1.0,
            "A": 0.8333333333333334,
            "B": 0.6666666666666666,
            "D": 1.0
        },
        "l7": {
            "H": 0.6666666666666666,
            "C": 0.8333333333333334,
            "G": 0.3333333333333333,
            "B": 0.3333333333333333,
            "F": 0.5
        }
    },
    "l4": {
        "b3": {
            "B": 0.6666666666666666,
            "F": 0.5,
            "D": 1.0,
            "C": 0.8333333333333334,
            "A": 1.0,
            "H": 0.8333333333333334,
            "G": 0.5
        },
        "b1": {
            "C": 0.0,
            "A": 0.8333333333333334,
            "H": 0.0,
            "G": 0.6666666666666666,
            "B": 0.6666666666666666,
            "F": 0.0
        },
        "b2": {
            "F": 0.6666666666666666,
            "C": 0.6666666666666666,
            "E": 0.3333333333333333,
            "H": 1.0,
            "G": 1.0,
            "A": 0.8333333333333334,
            "B": 0.6666666666666666,
            "D": 1.0
        }
    },
    "l7": {
        "b3": {
            "B": 1.0,
            "F": 0.6666666666666666,
            "C": 1.0,
            "H": 0.0
        },
        "b1": {
            "C": 0.5,
            "A": 0.5,
            "H": 0.5,
            "B": 0.6666666666666666,
            "F": 0.6666666666666666
        },
        "b2": {
            "H": 0.6666666666666666,
            "C": 0.8333333333333334,
            "G": 0.3333333333333333,
            "B": 0.3333333333333333,
            "F": 0.5
        }
    }
}